Start,Stop
318,1673
3121,4464
5238,5981
6030,7970
8065,10593
11166,12242
12990,13886
14083,14814
14943,15065
15609,15668
16219,17325
17828,17899
18139,19323
21652,23085
24194,24934
25158,25220
25286,25351
25862,26665
27495,28199
28254,28895
29042,29110
29350,29415
29967,31004
31575,31631
31759,31809
32197,32535
33197,33322
34654,35619
35802,38018
39385,40470
40705,41730
41800,43188
43539,43598
44239,44334
44708,45223
45325,46434
46997,47230
47499,47591
47722,47994
48080,49306
49585,49878
49930,49980
50070,50129
50514,50753
50907,51518
51775,52389
54235,54672
54839,56812
57083,57145
57286,58638
58897,60189
60506,60799
60948,64154
64950,66146
67495,70656
71064,71363
71564,72061
72408,74222
74572,75228
75522,75665
76018,76125
76262,76984
77421,77498
77675,77737
78066,78374
78686,78811
79047,79820
80261,80869
81658,82617
82959,84437
85025,85627
88888,94767
95241,97070
97286,97369
98182,98412
98583,99905
100964,102142
102423,103028
103318,103836
104134,105099
105288,105929
106988,107377
107499,107849
108082,108285
108395,108610
108726,109256
109349,109720
110315,110413
111835,111900
111966,112283
112386,113288
113815,113895
116972,117805
118145,118267
118489,118956
119060,119770
121820,122092
122795,123187
123563,123712
123760,124062
124104,124508
124679,124801
124867,126363
126648,127178
127675,127725
127866,128324
128634,129203
129694,130230
130652,131380
133422,133493
134219,134710
135798,135893
136391,136441
136529,136702
136780,136992
137316,137399
137449,138897
138999,139949
140120,140173
141052,141336
141376,141705
142480,142539
144097,144273
144397,144840
145869,146306
146849,146908
147399,147764
147884,148291
149616,149714
150232,151173
151402,151890
151998,152645
152833,152892
153608,155947
156705,156842
160740,161378
162898,162984
163116,163166
163465,164298
164365,164424
164525,164698
165008,165508
165565,165639
165761,166642
167086,167943
168011,169270
169510,172008
172245,172298
172450,172509
172608,172703
174834,175694
175766,177760
177924,179138
179720,180052
180139,180900
181007,181081
181187,181255
182603,185569
186044,186133
187039,187863
187957,189528
189625,190398
190696,191916
193417,193473
193593,193850
193989,194870
194949,195629
195793,196611
196786,197463
197512,198204
199083,199409
200094,200402
200522,200830
200971,201096
201217,202590
202782,203597
205819,207408
207739,209271
209470,211389
211452,212294
212366,212689
212824,213285
215721,216344
216434,217018
217125,217685
217800,221339
221817,222959
223139,223261
223490,223876
224027,224455
224664,226508
226854,228929
229720,229824
230374,230724
230840,231766
232662,233477
233560,233865
234916,234978
235083,235409
235524,237020
238119,238229
238536,238595
238663,238755
240178,240267
241435,241686
242414,242524
243171,243254
244140,244250
244557,244616
244684,244776
245383,245433
246199,246288
247456,247707
248555,249013
249112,249165
249541,250563
250661,253054
253200,254573
254707,255780
256491,256964
257109,258458
258739,258822
259175,259309
259477,260892
261349,261426
261565,261618
261768,262061
262308,262367
262421,262576
262657,263262
263366,263515
264432,264902
265029,265454
265494,266183
266303,266374
266431,266931
267010,267372
267530,267916
268374,268949
268991,269116
269634,269729
270648,270977
271051,271158
271257,271349
271480,272502
273003,276557
276728,280333
280410,280955
282063,282128
282755,284227
284365,286011
286219,287718
287853,288992
289139,289555
290186,290521
290593,291228
291312,293198
294739,294891
297842,297910
299302,299394
299607,300578
303824,303901
304133,304684
309865,310719
310932,311645
311830,313662
314984,315823
315945,316775
316873,318375
318419,318487
319009,319158
319235,319528
320542,321279
321495,321545
321657,321722
323557,323700
326149,326214
326618,326698
327511,327561
327618,327905
328759,328836
329556,329966
330383,330637
330902,330964
331985,332131
332222,332287
332446,332688
332989,333132
333922,333984
334182,335195
335620,336426
336541,337161
337339,337389
337669,337746
338614,339087
339270,340055
340278,340952
341065,341754
341967,342554
343101,343172
343873,343929
344529,344603
345847,345957
346377,347036
348583,349065
349326,350228
350392,351264
351459,355505
355643,356323
356567,356872
357290,357367
358024,358080
358183,358359
359648,359710
360172,360507
360936,366272
366508,367032
367248,367532
367667,367735
367898,369373
370032,370403
370446,370634
370934,371083
371243,371380
374172,374342
374736,374810
377270,377464
378964,379728
379794,380207
380324,380419
381242,381343
381497,381625
381847,381918
382016,383536
383710,384726
384926,385372
385659,386780
387697,388467
389420,389608
389689,389739
391354,391473
391604,393052
393489,393545
395602,396111
396964,397299
397493,397576
398210,399652
399720,400979
401383,401580
402187,402348
402514,402564
402641,403060
403279,403725
404917,404994
405221,405607
406259,406372
406637,408103
408416,408937
409560,409931
410536,410607
411992,412363
412830,412928
414050,414760
415224,416168
417243,417479
417535,417960
418891,419373
419675,419785
419999,420331
421469,424096
426241,426606
426924,426995
427827,428111
428576,428968
430161,432095
432480,432584
434479,434544
436099,436158
436378,436485
436656,436802
436907,437188
437482,438882
439009,439212
439306,439383
440153,440242
440758,441570
441746,441934
442253,442453
442647,442733
444143,444397
446483,447010
447471,447791
451490,451594
452524,453093
453155,453853
454534,456936
457021,458913
459681,465722
466065,466205
466517,467362
467936,468136
468508,468561
468617,468766
468856,468936
469575,470078
470227,470292
471512,471592
472411,472644
472781,473710
473936,476716
476960,478447
478718,479710
479765,481153
481250,482701
485349,485504
486059,486133
489905,491500
491669,491836
492498,492917
493242,494018
494852,495001
495067,495561
498171,500240
500799,501284
501436,501540
501864,501959
502088,502192
502480,502539
502878,504629
505537,506223
507883,507969
508407,508733
508879,508950
509019,509138
509676,510287
511215,511562
511966,512208
513449,513535
514035,514127
515005,515058
516091,516636
516746,518446
518597,519700
519742,519798
520426,520791
520961,521536
521601,521771
521863,522591
524986,525042
525301,525357
525516,525713
526754,527512
529231,529419
529735,529812
530515,531108
531294,532253
532334,532552
532697,532831
533402,533500
534307,534756
535737,536078
536187,538247
538881,539348
539574,539642
539774,540424
540643,541467
541791,543062
543183,543239
543328,544137
544257,544334
544922,544990
545208,545501
546786,547025
547520,549337
549438,549869
550502,550552
553078,554493
554624,555628
557178,557930
558037,558480
561481,561774
564257,565753
565977,567014
567715,567774
568887,569081
569987,570838
570916,571185
571798,572559
572599,572676
573737,575062
575166,576437
576841,577584
577629,577709
578886,580079
581284,581349
582241,582300
583851,583907
586329,586994
587600,589033
589178,589297
589406,590248
590324,591355
591696,591767
592560,593438
593528,595006
595135,595842
597357,597470
598525,598578
599022,599078
599971,600075
600657,600710
601953,602042
602667,602744
604411,604461
604556,604612
604944,605009
605340,605492
606297,606347
606952,607053
607372,608199
608812,609588
611240,612634
612678,613406
613836,615299
615643,615702
617072,617629
619959,620009
620538,620591
620805,623135
623251,624423
625045,625395
625551,625622
626429,626488
626668,628971
629088,630491
630629,631042
631102,632811
633380,633439
633709,634251
634479,635279
635321,635407
636712,636819
637373,637435
638165,638692
639541,639774
639985,640098
640300,640632
641062,641151
641208,642308
643631,643741
643845,643898
645556,645858
646034,647590
648289,649404
649520,649819
652604,653044
653518,653982
654078,654611
655113,656708
658572,659027
659083,659475
659572,660312
660398,660676
661780,662025
662337,662393
663887,664036
664242,668990
669086,669361
669423,669950
670309,672339
672794,673855
674204,674266
674410,674568
674728,674784
675566,676267
676802,677395
677477,677578
677702,677842
678494,679123
679460,679519
679617,679691
679895,680296
680360,681277
681543,683423
683519,684247
684287,684385
688619,689458
689923,690873
691101,691538
691581,694271
694317,694964
695058,695138
695555,695683
696606,696815
696883,697590
698785,699420
699672,699740
700487,700579
701054,701200
701246,701296
701907,701993
702363,702443
702577,702663
703300,703353
703551,703691
704452,705387
706283,706399
706588,707292
707612,708220
708428,708568
708745,708843
709317,709562
711428,712195
712603,713244
713512,714306
715052,716428
717368,717673
718028,718225
718478,719266
719653,720504
721824,723737
724896,725759
726034,726393
728282,728581
728624,729010
730072,730128
730278,730496
731765,732001
732370,733014
733083,734564
735996,737162
737269,737733
737989,738171
738897,739019
739729,740598
742276,742557
743418,743714
746530,747222
747849,748520
749163,749261
749985,750311
751598,753328
753490,755295
756578,756637
756694,756762
758656,759396
759479,759958
760146,760310
760455,760859
761213,761263
761552,763468
763798,764307
765680,766354
766567,766797
767578,767742
767823,769619
769771,771012
771956,772063
772192,772326
772996,773700
773823,775715
777209,777496
777692,778207
778540,778617
779616,780296
780377,780988
781343,781924
782100,782801
783901,784788
785754,786362
786886,787002
787045,787110
787320,788576
788642,789514
790662,791960
792582,792677
792769,792867
792918,793754
794039,794107
795184,796062
798141,798788
800110,800925
800965,801297
802356,802739
804382,804729
805701,805787
806577,806627
808967,809188
809662,809781
810122,810250
810437,810589
810985,811620
811924,813189
814720,817878
818037,818150
819389,820039
822609,822659
824420,824884
825727,825813
827666,828016
828168,830108
830259,830897
832908,832961
834845,835939
836304,836357
836745,837551
837656,838621
838751,839452
839520,840062
840314,841072
841163,842086
842313,842765
843949,846579
847113,847442
847551,847679
848126,848788
848921,848983
849313,849402
850216,851184
851225,852505
852719,854338
854443,854748
855166,855243
856122,859406
861966,862118
863548,863610
863798,864688
865160,865537
867079,868800
869490,869594
869668,870480
871948,872121
873972,875258
875721,881855
881978,882082
882803,882913
882962,884065
884170,885270
885440,886882
887415,887603
890069,890215
890439,891197
891277,891831
892192,892512
894657,895211
895278,895991
896771,896836
897273,898592
899298,899354
900303,901835
902773,903840
904078,904143
904236,905510
905961,906029
907373,907552
907720,907830
907979,908467
909159,910157
910516,910683
910998,912164
912369,914390
914735,915070
915151,915201
915898,915996
916047,916415
916823,917164
917321,917374
917647,918117
919020,920408
921062,921544
922509,923012
923161,924540
926222,926332
926511,926858
927729,927806
927952,928308
928641,928721
929541,929594
929824,929892
930220,930693
930891,931013
931451,932050
932317,933882
933959,936136
936253,936603
937611,937667
937739,939025
939106,939819
940316,940696
940810,941484
941906,942112
942196,943497
945520,945912
947101,947604
947967,948530
948754,950220
950363,950668
951956,952306
952535,952690
952750,953769
953842,955740
956031,957602
960748,961221
961469,962584
963114,963263
966575,966913
967847,968779
969066,969140
971034,972176
972426,972578
972719,973459
974079,974156
976245,976295
978474,978608
979059,979529
979762,980064
983773,983868
984377,984814
986722,987180
987274,987501
987735,988049
989099,990232
990552,990680
990968,991690
991810,992865
992978,993886
994844,994903
995210,995767
996174,996704
996792,996872
999022,999690
999866,1000516
1001300,1001425
1001503,1002291
1002635,1002709
1003157,1003273
1006959,1007633
1010871,1011077
1011307,1011360
1011481,1011561
1013475,1014527
1014706,1014774
1015153,1015608
1016087,1016941
1017582,1017788
1017870,1019438
1019545,1019970
1020022,1021383
1021486,1021569
1021634,1021723
1023009,1023302
1023493,1024680
1024918,1025010
1026376,1026855
1027526,1027750
1028969,1029025
1029301,1029378
1029965,1030756
1031225,1031275
1032921,1033190
1034688,1034741
1035020,1035085
1036068,1036928
1038863,1039096
1039297,1039749
1041029,1041382
1041446,1042561
1042806,1043033
1043992,1045014
1045352,1045855
1046022,1046771
1046886,1047377
1047490,1048185
1048266,1049138
1049263,1049499
1049983,1051041
1051341,1051676
1052044,1052109
1052509,1053429
1054962,1055147
1057761,1058531
1059872,1061275
1061727,1061780
1062108,1063064
1064069,1064524
1064578,1066377
1066767,1066820
1067063,1067662
1070597,1071367
1072231,1072398
1072524,1072685
1073146,1073568
1073660,1073800
1073985,1074035
1074324,1075325
1076989,1077543
1078977,1080092
1080210,1080269
1080423,1080494
1081183,1082817
1083185,1084225
1084853,1085806
1085980,1086078
1088941,1090362
1093000,1093773
1093897,1093947
1095430,1095489
1095975,1096835
1097322,1097603
1098812,1098988
1099318,1099458
1099776,1102706
1102858,1103757
1104740,1104829
1105118,1105864
1106044,1107759
1108794,1109663
1110002,1110151
1110769,1113627
1115647,1116513
1117093,1118079
1119031,1121022
1121098,1121808
1123309,1123389
1123665,1124078
1124484,1125467
1125761,1126495
1126704,1128194
1128746,1129030
1129412,1129816
1129954,1131501
1132861,1132920
1135292,1135351
1135524,1135631
1136015,1136284
1136769,1136903
1137029,1137400
1140010,1140087
1140430,1140693
1141471,1141560
1145645,1145749
1146028,1146177
1147575,1147730
1151234,1151290
1151559,1151711
1153010,1153783
1153848,1154204
1156065,1156235
1157455,1157565
1157868,1158008
1158566,1158844
1159490,1159543
1159709,1159771
1159873,1159962
1160220,1160753
1161051,1161230
1161410,1161484
1162100,1162207
1162995,1163147
1164145,1164252
1164518,1165960
1166025,1167608
1168027,1168368
1168993,1169541
1169910,1169984
1170659,1171621
1172947,1173003
1173540,1173665
1173706,1174122
1174250,1175605
1175671,1176156
1176304,1176654
1176777,1177091
1177143,1177865
1178214,1178273
1178421,1179167
1179843,1179932
1180879,1181088
1181338,1181625
1181720,1182421
1183039,1183101
1183156,1183233
1184050,1184193
1184818,1185330
1185705,1187195
1187552,1187989
1188949,1189788
1190023,1190079
1190435,1190539
1191060,1191542
1192974,1194092
1194353,1194445
1194799,1194867
1194929,1196083
1196220,1197182
1197244,1198047
1198637,1199776
1200060,1200632
1202008,1202082
1202171,1203592
1203634,1204998
1205472,1205585
1205919,1206575
1207111,1208571
1209821,1210462
1210848,1210898
1211719,1211853
1211935,1212990
1213340,1213426
1213636,1215087
1215481,1215594
1215992,1216084
1217453,1218178
1218493,1219122
1219178,1219240
1219936,1220904
1221133,1221210
1222062,1222811
1223173,1223829
1224548,1225300
1226131,1226781
1227400,1227486
1227556,1228266
1228669,1228746
1228994,1229290
1229967,1230773
1231781,1232308
1233904,1234434
1234779,1235330
1236172,1236246
1237934,1239013
1239585,1239797
1240358,1240681
1241048,1242100
1242664,1244508
1245781,1245831
1246342,1246485
1248892,1249344
1250600,1250698
1251974,1252030
1252509,1252568
1252667,1253341
1253510,1253578
1254088,1254171
1254231,1254287
1254459,1254722
1255043,1255264
1255357,1257069
1257260,1259449
1259530,1259841
1259917,1261728
1261916,1261969
1262652,1263131
1263462,1263530
1263829,1264629
1264808,1264891
1264982,1265074
1265392,1266003
1266445,1266564
1267115,1268473
1269834,1270433
1270758,1270832
1270967,1271062
1274271,1274363
1274883,1275542
1275958,1276026
1277726,1278025
1278741,1278863
1279255,1279377
1279552,1279611
1281321,1281773
1282167,1282358
1282473,1283393
1284470,1284544
1287376,1287591
1287710,1288243
1289188,1290126
1290241,1291524
1293088,1293654
1294360,1294902
1295741,1295830
1296007,1296084
1296171,1296557
1296691,1297551
1297823,1299901
1299964,1301268
1301331,1301402
1301551,1302453
1302570,1303013
1303162,1304436
1304905,1304970
1305339,1305758
1305850,1306092
1306890,1306967
1307763,1308170
1308351,1310318
1311086,1312774
1312857,1313324
1313654,1315435
1315767,1317563
1319677,1320375
1320608,1322284
1322410,1323327
1323450,1323683
1323794,1325017
1325916,1326236
1326440,1326808
1326876,1328213
1328609,1329652
1329698,1329793
1331018,1331347
1331439,1331666
1331813,1333807
1334028,1334267
1335660,1335737
1335811,1335951
1339086,1339163
1339236,1339376
1339474,1339533
1339743,1339841
1339890,1340036
1340320,1340877
1341107,1341865
1342473,1342667
1343351,1343824
1344036,1345100
1346851,1346904
1347827,1351285
1351964,1353082
1353374,1353673
1354953,1356035
1356327,1356671
1357753,1358697
1358834,1359103
1359352,1361523
1363826,1363975
1364031,1364570
1364770,1364841
1365717,1365806
1366220,1366432
1366550,1367425
1367718,1368650
1368863,1368928
1368974,1369033
1369659,1369730
1373015,1374103
1375437,1375496
1377597,1377800
1378840,1379901
1380007,1380561
1380720,1381187
1381285,1382565
1383007,1383393
1383489,1384343
1384692,1385714
1385912,1385968
1386072,1386815
1387014,1387214
1388089,1389210
1389351,1390031
1390222,1390671
1390791,1390880
1391436,1391531
1392014,1392385
1392514,1393380
1393517,1394584
1395181,1396026
1396346,1396399
1396765,1397046
1398077,1399327
1399702,1400796
1401343,1402359
1402550,1403230
1403453,1403503
1406366,1406713
1407406,1407489
1409508,1409996
1410148,1412421
1413646,1414719
1415152,1416693
1416962,1417738
1417843,1418685
1418803,1420095
1420931,1421362
1423255,1423833
1423902,1425146
1425419,1426465
1426766,1428328
1428442,1428939
1429582,1429665
1429765,1430127
1430333,1432819
1433148,1434644
1434934,1435209
1435635,1437866
1438189,1438689
1440948,1440998
1441313,1441540
1441581,1442114
1442234,1442308
1443986,1444042
1444229,1444285
1445543,1446358
1447119,1447220
1448495,1448566
1452146,1452799
1453294,1454310
1458188,1458250
1458654,1458776
1458980,1459126
1462349,1463467
1464683,1464742
1467980,1468114
1470083,1470163
1470832,1471026
1471511,1471696
1471878,1471946
1473313,1473408
1474802,1475908
1476224,1476301
1477667,1477762
1478088,1478180
1479102,1479173
1481857,1481919
1482767,1482841
1483549,1484544
1486000,1486245
1486928,1487011
1487331,1487471
1494864,1494920
1495221,1495850
1498742,1498948
1499178,1499231
1499875,1499955
1504755,1504850
1505395,1505445
1505845,1505964
1506412,1506513
1508710,1508766
1509252,1509455
1511382,1511513
1513917,1514171
1517261,1517356
1523964,1524104
1524154,1525962
1530727,1531353
1531930,1532010
1532486,1532659
1532954,1533034
1535307,1535408
1536498,1536644
1537815,1538501
1539266,1539937
1540016,1540225
1540744,1540836
1542286,1542351
1543674,1543757
1544056,1544115
1545768,1545866
1547734,1547865
1548034,1548456
1548701,1549906
1550152,1550289
1551057,1551110
1556032,1556109
1558842,1558901
1560691,1560870
1562108,1562347
1567158,1567250
1571151,1571231
1572798,1572851
1574914,1575093
1578560,1578736
1579106,1579213
1586987,1587079
1590376,1590456
1595535,1595612
1595686,1595742
1595819,1595887
1596277,1596366
1603903,1604010
1611141,1611224
1612025,1612174
1613809,1613871
1614920,1614985
1616145,1616453
1620154,1621188
1622583,1623047
1626876,1626956
1627812,1628615
1632911,1632994
1634099,1634170
1639120,1639722
1639964,1640041
1646669,1647781
1650226,1650291
1651005,1651055
1651552,1651707
1655644,1655721
1656173,1656484
1657466,1657534
1658125,1658268
1659580,1659705
1664574,1664624
1664698,1665405
1675256,1675339
1675562,1675633
1677409,1680009
1680132,1680560
1680644,1681564
1681721,1681837
1682029,1682628
1683019,1683207
1686120,1686221
1690750,1690839
1694771,1695028
1695520,1695606
1696280,1696888
1702430,1702504
1708312,1708518
1711672,1712637
1712706,1713209
1714959,1715126
1716267,1716338
1716858,1717160
1717795,1717884
1720622,1720720
1720877,1720966
1721226,1721345
1724196,1724462
1724611,1724712
1724780,1725565
1726125,1726250
1728162,1728302
1731775,1731903
1731955,1732893
1734440,1734526
1735914,1736030
1738416,1738466
1741011,1741073
1741777,1741857
1745553,1745690
1747480,1747542
1749239,1749337
1749878,1751176
1751304,1752371
1752636,1752689
1754446,1754526
1755142,1755282
1755342,1755470
1756355,1756414
1757474,1757566
1757771,1758673
1761950,1762042
1762200,1763165
1763941,1764843
1766138,1766209
1766539,1766619
1767104,1767214
1767846,1768490
1769479,1769700
1770237,1770305
1770851,1770913
1771772,1771894
1772178,1773410
1773514,1774773
1775466,1775582
1777014,1777082
1779831,1779965
1781696,1781773
1783071,1783127
1783762,1783893
1788260,1788334
1789103,1789288
1795681,1796925
1797698,1797880
1797972,1798727
1801880,1801930
1803921,1803986
1805752,1805928
1809835,1809900
1813693,1813758
1813814,1814011
1817764,1817922
1818302,1818388
1820129,1820308
1821285,1821341
1822641,1822802
1828117,1828239
1828968,1829042
1830209,1830277
1833074,1834480
1835044,1835109
1835966,1836031
1836750,1836848
1840185,1840250
1845031,1845141
1851474,1851611
1853401,1853463
1854976,1855521
1855568,1855933
1857856,1858611
1859991,1860068
1862423,1862893
1863726,1864217
1866120,1866194
1867126,1867323
1870130,1871758
1873884,1873973
1874041,1874529
1874828,1874890
1877454,1877504
1879983,1880120
1881582,1881632
1882324,1882398
1884318,1884545
1885312,1885488
1887109,1887204
1888148,1888270
1890951,1891139
1892599,1892712
1895081,1895179
1895802,1895873
1897953,1898153
1899967,1900032
1901124,1901240
1901590,1901667
1902001,1902051
1902283,1902414
1902740,1902859
1903913,1904113
1904221,1905864
1905958,1906551
1909248,1909424
1911494,1911682
1916161,1916448
1916569,1916619
1916939,1917028
1917069,1917188
1918363,1918593
1918681,1919505
1919655,1919708
1920523,1920624
1922439,1923809
1923925,1924113
1931672,1931743
1939999,1942638
1945848,1945979
1946562,1946657
1949933,1950163
1953513,1953713
1953836,1954237
1954738,1954800
1955643,1955732
1958218,1958376
1958536,1958589
1959642,1959713
1963424,1963507
1963738,1963806
1963852,1964457
1964894,1966972
1967261,1967404
1971337,1971546
1972805,1972867
1974482,1974538
1981774,1982640
1984056,1985192
1985734,1986345
1988159,1989802
1990976,1991032
1991245,1993326
1999396,1999557
2000940,2001035
2016460,2016612
2018689,2018808
2020406,2020549
2025097,2025198
2034693,2035517
2035690,2036505
2039358,2039510
2040274,2040933
2042714,2042953
2043272,2043346
2044043,2044123
2044331,2044402
2046161,2046334
2046910,2047032
2048344,2048634
2050639,2052114
2052233,2052664
2053391,2053471
2054938,2055102
2055466,2055555
2055630,2056187
2056274,2057926
2058516,2059511
2059669,2061207
2061350,2062261
2062947,2063651
2064513,2064602
2064817,2065506
2065698,2066417
2077474,2077569
2078605,2078685
2079132,2079398
2084134,2084193
2085702,2085812
2086171,2086236
2091747,2091866
2092671,2092850
2093093,2094808
2096684,2096770
2099256,2099342
2099395,2099451
2102608,2104062
2104255,2104359
2104827,2104904
2105059,2105115
2105372,2106001
2110491,2110619
2116069,2116248
2117259,2117327
2121607,2121669
2123377,2123502
2126663,2126851
2127062,2128876
2130551,2130652
2131158,2132330
2132412,2134652
2135134,2135190
2137596,2137673
2140384,2140476
2141071,2141814
2143470,2143550
2144106,2144228
2144874,2145065
2145127,2145513
2146617,2146676
2147496,2147549
2149998,2150120
2150243,2150554
2151744,2153696
2158526,2158624
2162503,2162574
2169531,2170526
2170822,2170893
2171796,2171900
2172710,2173591
2177373,2177504
2178231,2178284
2178526,2178585
2181329,2182216
2183934,2184101
2184277,2184405
2186054,2186338
2186394,2186831
2187663,2188424
2188967,2189563
2189881,2190402
2192379,2192609
2192693,2193448
2193645,2194412
2195554,2196339
2197267,2197728
2198710,2198763
2199614,2199700
2199761,2199826
2199981,2200190
2209896,2210021
2213449,2213571
2215013,2215066
2217222,2217953
2219048,2219167
2223043,2223204
2227412,2229154
2232740,2232796
2232973,2233029
2233150,2233791
2233867,2233953
2234357,2234533
2239701,2239757
2241187,2241327
2242543,2242611
2242736,2242834
2247040,2247111
2250431,2250820
2253455,2253535
2254557,2254847
2255908,2255979
2258697,2259260
2261329,2261412
2264972,2265112
2267150,2267215
2268287,2268382
2269737,2269916
2270348,2270458
2273095,2273262
2275349,2275441
2278560,2278634
2285442,2285561
2286839,2287183
2287518,2288513
2289983,2290069
2295205,2295279
2297338,2297679
2298097,2298210
2298802,2298882
2302726,2302845
2303103,2303201
2304680,2304835
2305180,2305602
2306177,2306716
2308454,2308549
2308847,2308921
2312084,2312137
2316526,2316645
2320906,2321775
2323049,2323123
2324548,2325408
2325642,2327402
2327461,2328330
2328719,2328796
2329327,2329389
2329731,2330921
2331026,2331079
2331163,2331231
2334002,2334055
2334187,2334252
2337786,2338406
2339161,2339418
2339611,2341071
2341862,2343013
2343858,2345150
2346941,2347285
2350175,2350240
2350488,2350541
2351863,2351931
2357041,2357145
2357229,2357363
2357853,2357945
2358909,2359013
2360435,2360713
2361275,2361376
2361897,2362274
2384809,2384931
2387335,2387397
2394172,2394261
2394486,2394761
2397294,2397491
2398023,2398091
2398685,2399161
2399542,2400243
2400610,2400666
2401008,2402366
2404274,2404354
2404541,2404597
2405052,2405282
2407128,2408453
2409281,2409346
2410468,2410560
2411152,2411238
2412283,2412354
2415436,2415525
2418871,2419770
2421874,2421984
2428683,2428946
2431570,2431638
2431688,2433211
2433296,2434618
2437078,2437152
2437670,2437816
2440494,2440631
2442672,2442734
2443741,2443902
2446747,2447913
2448052,2449155
2449353,2449835
2450092,2450271
2450437,2451798
2453576,2454349
2454692,2457103
2457320,2457379
2457512,2457859
2457909,2459336
2459819,2460106
2460150,2460683
2461219,2461692
2462062,2462124
2462610,2463029
2465419,2465493
2465630,2466625
2466713,2467342
2469093,2471915
2472089,2472325
2472438,2472938
2474166,2474240
2477475,2478224
2478692,2478898
2479534,2479584
2480325,2480528
2482573,2482743
2483082,2483216
2483524,2483577
2487261,2488337
2489638,2489772
2491363,2491455
2494735,2494887
2495115,2495189
2496292,2496495
2497411,2497464
2501306,2501470
2501602,2501709
2501980,2502051
2503254,2503316
2505425,2505835
2506443,2506835
2510080,2510235
2515041,2515307
2518971,2519879
2523633,2523713
2526086,2526160
2529161,2529277
2530352,2530471
2536330,2536494
2536967,2537017
2538703,2538789
2538904,2539041
2539887,2539937
2540606,2540716
2542014,2542610
2544621,2545433
2546167,2546328
2547852,2547968
2548323,2548388
2548654,2548719
2556151,2556213
2560052,2560168
2562519,2562578
2562890,2562955
2574201,2574461
2575186,2575251
2578370,2578444
2579148,2579198
2582367,2582426
2583497,2584015
2585781,2585900
2586004,2586060
2591796,2591852
2592340,2592546
2592967,2593020
2593640,2593750
2594911,2595543
2595674,2596090
2596266,2597324
2599306,2599383
2607188,2607250
2609330,2609422
2612684,2612734
2613230,2613328
2614017,2614154
2617604,2617672
2626892,2626960
2627233,2627352
2627712,2627786
2631063,2631158
2634608,2634730
2635167,2637920
2640984,2641169
2641887,2641976
2643753,2643938
2644506,2644580
2648278,2648466
2649075,2649194
2650367,2650537
2653793,2653897
2654065,2654118
2657307,2657372
2658966,2659841
2662328,2662399
2662766,2662882
2664515,2664676
2664784,2664975
2665248,2665727
2669066,2669155
2670643,2671134
2675503,2675640
2677681,2677743
2679599,2681125
2683187,2684056
2684978,2685091
2685269,2685352
2685414,2685494
2687196,2687525
2688722,2688781
2689442,2690332
2692894,2693001
2693187,2693243
2694220,2694318
2695347,2695442
2697409,2697471
2702770,2702919
2703376,2703501
2705203,2705298
2705501,2705647
2708657,2708722
2709246,2709386
2710869,2712755
2712931,2713365
2714109,2714942
2716986,2717096
2718424,2718783
2721900,2721968
2723256,2723405
2727049,2727114
2728057,2728110
2729390,2729488
2732889,2733038
2733625,2733726
2733822,2733932
2734750,2735076
2735783,2735863
2737477,2737557
2739212,2739262
2741173,2741256
2742680,2742748
2743211,2743264
2745907,2746377
2746423,2746878
2747073,2747414
2748282,2748683
2749423,2749530
2750858,2750998
2756210,2756479
2757606,2757911
2758046,2759353
2760472,2760534
2763854,2763949
2766720,2766875
2770205,2770282
2771599,2772612
2773234,2773608
2774684,2775523
2775644,2776486
2778297,2778437
2782739,2782894
2783658,2783789
2785331,2785468
2786702,2787061
2787628,2787711
2788173,2788454
2788586,2788648
2789012,2789086
2790684,2790995
2793593,2793646
2795420,2796997
2798626,2799087
2799794,2799877
2802022,2802090
2802165,2802458
2802543,2802998
2803447,2803644
2804111,2804242
2805440,2807398
2807459,2810107
2811645,2811791
2812289,2812921
2814512,2814595
2815213,2815263
2818124,2818240
2820805,2821587
2822871,2822948
2824079,2824651
2825684,2825737
2827388,2828236
2829464,2829607
2830284,2830523
2831047,2831103
2832994,2833062
2834884,2834940
2836184,2836249
2840169,2840264
2840863,2841126
2842413,2843867
2843914,2844216
2845173,2845601
2846061,2846126
2846384,2846497
2847185,2847280
2847793,2847846
2850620,2852950
2854883,2854957
2860659,2860727
2861424,2862614
2862871,2863035
2872457,2872555
2874618,2874752
2875188,2875253
2884586,2884789
2885051,2885125
2886646,2886696
2886971,2887048
2889230,2889343
2889813,2889866
2893553,2893699
2895858,2895941
2896241,2897059
2898532,2899266
2900083,2900142
2901188,2901322
2902053,2902136
2903794,2903991
2906084,2906149
2907153,2909708
2910165,2910380
2912992,2913123
2916288,2916890
2918279,2918386
2919468,2919674
2922907,2923041
2928167,2928325
2930393,2930461
2933303,2934715
2940053,2941033
2943871,2944341
2943755,2943805
2943569,2943703
2942216,2943079
2941083,2941544
2940817,2940963
2938662,2939930
2938064,2938132
2937192,2937986
2936408,2936461
2935083,2935904
2934756,2934884
2932609,2933148
2930479,2932473
2929101,2929388
2927390,2928499
2925145,2925432
2922429,2923223
2921340,2922371
2919166,2921205
2918048,2919103
2917389,2917898
2916946,2917266
2915744,2916097
2915625,2915696
2915219,2915497
2914057,2915073
2912595,2913686
2911415,2912254
2911164,2911220
2910085,2911095
2909753,2909920
2909010,2909144
2907035,2907169
2904598,2906940
2903200,2904387
2901800,2902753
2900650,2900766
2899313,2900506
2897847,2898374
2897697,2897765
2897523,2897600
2894510,2895832
2892057,2892437
2891269,2891652
2890779,2891171
2890274,2890666
2888994,2889590
2887499,2888215
2886584,2887297
2885581,2886378
2884141,2885541
2883422,2883661
2883118,2883171
2882033,2882938
2881243,2881878
2880217,2880663
2879234,2879302
2878004,2878234
2877160,2877684
2875945,2876775
2873915,2875891
2872932,2873741
2871318,2872784
2871154,2871234
2869191,2871107
2868965,2869042
2867746,2868123
2865127,2867397
2864813,2865040
2863561,2864661
2862774,2863283
2862476,2862532
2862370,2862429
2862167,2862241
2861938,2861994
2861706,2861807
2860426,2860821
2858196,2859560
2857580,2858116
2856379,2857218
2854429,2855571
2854277,2854342
2852988,2854205
2850834,2850932
2849563,2850450
2848406,2848783
2847673,2848335
2846839,2847573
2845518,2845577
2842065,2842175
2840286,2841494
2839698,2840228
2837944,2839410
2836011,2836283
2833926,2833985
2832058,2833725
2830542,2831879
2824644,2824802
2821912,2823222
2821417,2821473
2819407,2819469
2818841,2819326
2818054,2818698
2816363,2816779
2816094,2816267
2815307,2815369
2813949,2814716
2812925,2813881
2812156,2812260
2810889,2810990
2809232,2809369
2808185,2808286
2807876,2807950
2806858,2807007
2805784,2805846
2804522,2805274
2804070,2804438
2803445,2803903
2802867,2802929
2802325,2802378
2800958,2801407
2799609,2800730
2799108,2799551
2797039,2797758
2796249,2796299
2795770,2795880
2794755,2795225
2792967,2794373
2791967,2792479
2790243,2791775
2788504,2789775
2787664,2787765
2784805,2786235
2784652,2784747
2784383,2784445
2782408,2782464
2780933,2782297
2780577,2780798
2779910,2780374
2777844,2779583
2776792,2777391
2774295,2774393
2773863,2773919
2772639,2772794
2771937,2772353
2771808,2771858
2770060,2771124
2769381,2769875
2767154,2767264
2766207,2766773
2765824,2765931
2763082,2765652
2762919,2763020
2762186,2762353
2761951,2762094
2760845,2760922
2760742,2760792
2760022,2760132
2759891,2759959
2755580,2757265
2753523,2755295
2750230,2752920
2748685,2749497
2748324,2748374
2747519,2747650
2744985,2745791
2744571,2744939
2744212,2744475
2743326,2744138
2740888,2742957
2740390,2740776
2740052,2740333
2738719,2739990
2737630,2738265
2736597,2737574
2735962,2736309
2733230,2735245
2732589,2732792
2731987,2732088
2729958,2730371
2729457,2729582
2727304,2729391
2726008,2727195
2723786,2725852
2723159,2723506
2722884,2723057
2721559,2722839
2720497,2721303
2720052,2720129
2719735,2719845
2719460,2719567
2719307,2719363
2719056,2719199
2718312,2718860
2717372,2717422
2709522,2710421
2708276,2708974
2706415,2707215
2705746,2706105
2704433,2705056
2703275,2704108
2702909,2703187
2702543,2702647
2701943,2702041
2701435,2701869
2700963,2701226
2700515,2700883
2699600,2700139
2698954,2699352
2697988,2698347
2697732,2697830
2697463,2697684
2696771,2697211
2696126,2696176
2694681,2694758
2694164,2694382
2693947,2694060
2693151,2693540
2692097,2693041
2690371,2691465
2689108,2689170
2687691,2688530
2686849,2687349
2686443,2686505
2686049,2686255
2684665,2685102
2682584,2682943
2682040,2682462
2681592,2681642
2680181,2680261
2679873,2679923
2678302,2679330
2677258,2677368
2676892,2676951
2676732,2676824
2676330,2676398
2676119,2676187
2674969,2675058
2673550,2673801
2672629,2672751
2671624,2672511
2670042,2671151
2665666,2668653
2665190,2665501
2664343,2665131
2662243,2663622
2661076,2662164
2658572,2658622
2653211,2657803
2652174,2653085
2651853,2652125
2650758,2651756
2650231,2650410
2649598,2650143
2648798,2648899
2647164,2648519
2646464,2646664
2646256,2646348
2645310,2646146
2643973,2644626
2643026,2643193
2642741,2642791
2640832,2642502
2640587,2640736
2639980,2640060
2639660,2639710
2638761,2638844
2637276,2637332
2636313,2636369
2633930,2634850
2632907,2633764
2632357,2632425
2631303,2631965
2630285,2630830
2629208,2630119
2628820,2628888
2627816,2628733
2625414,2626361
2624633,2624878
2623125,2624411
2622333,2622506
2621201,2622067
2620514,2621089
2620206,2620280
2619415,2620011
2617239,2618186
2615458,2616501
2614692,2615321
2613435,2614574
2612205,2612426
2611482,2611970
2611192,2611410
2610592,2611104
2610193,2610270
2610056,2610133
2608515,2609093
2606123,2607544
2605337,2605573
2603863,2605155
2602705,2603700
2602249,2602503
2601632,2601997
2600408,2601241
2599548,2600204
2599364,2599420
2598423,2599067
2597363,2598265
2593837,2594526
2592965,2593597
2591451,2592770
2590044,2590607
2587300,2589813
2587141,2587215
2586114,2586614
2585245,2585736
2583181,2584065
2581900,2583105
2580470,2580865
2578899,2579645
2576836,2577249
2575061,2575801
2573897,2574805
2572880,2573803
2571999,2572484
2571166,2571234
2570362,2570916
2569117,2569422
2568625,2569011
2567956,2568099
2565469,2567445
2563631,2563747
2562591,2563337
2561120,2562382
2560419,2560493
2560184,2560264
2559981,2560064
2559633,2559698
2559255,2559350
2558130,2559068
2557984,2558061
2557211,2557759
2556514,2556888
2556013,2556360
2554452,2555927
2553414,2554373
2552312,2553295
2551234,2551299
2549462,2551192
2548479,2549000
2547509,2547928
2546530,2547021
2545487,2546206
2542658,2544049
2540421,2541611
2539213,2539611
2538588,2538962
2536347,2538509
2535342,2536268
2533840,2535183
2532352,2533398
2529985,2531175
2529184,2529939
2527650,2528963
2526222,2527514
2525946,2526134
2525094,2525813
2524168,2524911
2523835,2524068
2523631,2523714
2522830,2523576
2522487,2522543
2520415,2521452
2519935,2520309
2515312,2518587
2514308,2514943
2510361,2514008
2508992,2509411
2508247,2508816
2507306,2508202
2506867,2507250
2505508,2505666
2505173,2505235
2504300,2505085
2502401,2503804
2501185,2501349
2500179,2500706
2499169,2499939
2498381,2498812
2497069,2497353
2495818,2496993
2495309,2495662
2494891,2495268
2494522,2494830
2493454,2494329
2491552,2492694
2491285,2491473
2490775,2490852
2490427,2490525
2488379,2489209
2488046,2488111
2487685,2487780
2487312,2487404
2486136,2486921
2484816,2485613
2483589,2484053
2483145,2483237
2481732,2482136
2481023,2481574
2479607,2479690
2478623,2479468
2478221,2478286
2475860,2477251
2474801,2475568
2474309,2474752
2472963,2474003
2471899,2472054
2471465,2471521
2468693,2468884
2468397,2468558
2467643,2467969
2466515,2466595
2463969,2464298
2463066,2463815
2462018,2462266
2461481,2461558
2460720,2461091
2459671,2459724
2458471,2458548
2455780,2455875
2452322,2452906
2451840,2452235
2449878,2450093
2446240,2446593
2445624,2445701
2444231,2445583
2443368,2444126
2442249,2442359
2441883,2441942
2441723,2441815
2441321,2441389
2441110,2441178
2439960,2440049
2438541,2438792
2437646,2437747
2437376,2437480
2436868,2436951
2435023,2436141
2434627,2434872
2434442,2434528
2434103,2434162
2433887,2434045
2433588,2433683
2433061,2433129
2430826,2431299
2428981,2429046
2428010,2428264
2426270,2427001
2425723,2426013
2424922,2425533
2424725,2424799
2424472,2424522
2423480,2424394
2421878,2423203
2419797,2421749
2418787,2418837
2417531,2418067
2416705,2416779
2415967,2416284
2414470,2415249
2413219,2413485
2412181,2412237
2411126,2411827
2409875,2410993
2408967,2409203
2408450,2408893
2406161,2406913
2405241,2406083
2404726,2404809
2404027,2404089
2403341,2403718
2402888,2403235
2398287,2398523
2397800,2398084
2396454,2396648
2395586,2395801
2395290,2395478
2393613,2394317
2392622,2393506
2391813,2392322
2391195,2391260
2390580,2391023
2389655,2390116
2389491,2389604
2389208,2389387
2389016,2389072
2388528,2388584
2387792,2388175
2387499,2387657
2386589,2386645
2385543,2385620
2384001,2385200
2382228,2383943
2380419,2381009
2379418,2380086
2378304,2378642
2377460,2377894
2377198,2377392
2376721,2377143
2370736,2376099
2369916,2370656
2368882,2369415
2367853,2368713
2366780,2367667
2365893,2366258
2365580,2365657
2364754,2365416
2361187,2361297
2360908,2361141
2360583,2360645
2359948,2360184
2356325,2359798
2352616,2355870
2351767,2352216
2350398,2351300
2348604,2349356
2348231,2348539
2347276,2348151
2346593,2346784
2345567,2346094
2343613,2343666
2341604,2341708
2341361,2341411
2338653,2338727
2336515,2337399
2335947,2336105
2335468,2335692
2333375,2333857
2332888,2333274
2332020,2332463
2330959,2331321
2325989,2326066
2325730,2325864
2324175,2324249
2320965,2321093
2320111,2320170
2317950,2319644
2317644,2317841
2316739,2317296
2316282,2316428
2315758,2315835
2313274,2314407
2312839,2313192
2311461,2312696
2311017,2311172
2307755,2308012
2305610,2305678
2305000,2305080
2303060,2304277
2302534,2302731
2302318,2302371
2301784,2301840
2299833,2300177
2298927,2299712
2297304,2297981
2294555,2297155
2292047,2293174
2290989,2291927
2289545,2290786
2288971,2289423
2288801,2288863
2284539,2286215
2283331,2284260
2282956,2283006
2282297,2282770
2281203,2282210
2280238,2280996
2279524,2279919
2278639,2279292
2277398,2278507
2275520,2277325
2274961,2275221
2274127,2274750
2273752,2273823
2271444,2272316
2270465,2271364
2268961,2269701
2264772,2268230
2259753,2264591
2257754,2258515
2257562,2257645
2256507,2257256
2255681,2255857
2255034,2255582
2253221,2254804
2252001,2252789
2251050,2251868
2249683,2250300
2248946,2249497
2247998,2248693
2247050,2247928
2245899,2246975
2245712,2245789
2245490,2245660
2244419,2245141
2242376,2242957
2242097,2242282
2240068,2241969
2236844,2239135
2235739,2236788
2235305,2235592
2234575,2234874
2233841,2234158
2232946,2233089
2231127,2231981
2230042,2230803
2229193,2229495
2226533,2227198
2225816,2225869
2224594,2224668
2224083,2224157
2221671,2223128
2220862,2221173
2219751,2220029
2218879,2219676
2217963,2218415
2217399,2217587
2216054,2216290
2215680,2215754
2213218,2214972
2212563,2212640
2211280,2212245
2210593,2210832
2208576,2210351
2207103,2208362
2205709,2207016
2204857,2205237
2203996,2204472
2201719,2203167
2200723,2201547
2197763,2199115
2192987,2193253
2191525,2192256
2190489,2191445
2188819,2188926
2187736,2187840
2186557,2187411
2182823,2183800
2179758,2181203
2177571,2179577
2176815,2177090
2175438,2176526
2175204,2175296
2174488,2175015
2173836,2174393
2169775,2169888
2169612,2169707
2168054,2169097
2167353,2167943
2165619,2165711
2164106,2165377
2162323,2164011
2161161,2162057
2160978,2161049
2160323,2160400
2160043,2160108
2159224,2159607
2157383,2157535
2156857,2156913
2156242,2156697
2155223,2156062
2153352,2153414
2151518,2151589
2150786,2151412
2149348,2149632
2149030,2149092
2147684,2148418
2147449,2147544
2146089,2146388
2145891,2145980
2144577,2144729
2143109,2144305
2142614,2142745
2141820,2142461
2138904,2139809
2137702,2138757
2137205,2137654
2136544,2136597
2135754,2136236
2135564,2135623
2132640,2132696
2131241,2131354
2130492,2131028
2130228,2130401
2130079,2130150
2129185,2130036
2125699,2126946
2125253,2125345
2125065,2125163
2124114,2124338
2123735,2123806
2122628,2122681
2122003,2122083
2119833,2121308
2118812,2119786
2117304,2118671
2116216,2116707
2113734,2115014
2112492,2113667
2111905,2111979
2111222,2111680
2111054,2111161
2110009,2110785
2108500,2109249
2106329,2107834
2104115,2104207
2103619,2103786
2101371,2102477
2100845,2101096
2100224,2100751
2099917,2099976
2096075,2097064
2095366,2096004
2094877,2095077
2092422,2092547
2092221,2092274
2088797,2091154
2088574,2088642
2087489,2087623
2086817,2087428
2085021,2086760
2083791,2083901
2082495,2083424
2081505,2081870
2080027,2080353
2077019,2078014
2076115,2076846
2074925,2075392
2074637,2074837
2074084,2074488
2073604,2073747
2072542,2072727
2071187,2071735
2069682,2069768
2067887,2068897
2066455,2066793
2066016,2066102
2065137,2065217
2064619,2064684
2061328,2061546
2059184,2059252
2057902,2058204
2053274,2053453
2052922,2053005
2051743,2051856
2049419,2050078
2049306,2049359
2047444,2048514
2046507,2047256
2045765,2046046
2044633,2044692
2043540,2044457
2043397,2043498
2042913,2043266
2042668,2042763
2042157,2042225
2041201,2041329
2041002,2041058
2039441,2039998
2037953,2038840
2037141,2037746
2036521,2036907
2035313,2035438
2033587,2034528
2032460,2033410
2031438,2031650
2030744,2031196
2029698,2030591
2028485,2029531
2027648,2028112
2027523,2027588
2026157,2027467
2024717,2024890
2021272,2023062
2020738,2021148
2019686,2020363
2018258,2019265
2016858,2017247
2015819,2016538
2014776,2015738
2014634,2014690
2014086,2014385
2012582,2013727
2011128,2011835
2010089,2010913
2009006,2009773
2008319,2008594
2007401,2007463
2005953,2006666
2004977,2005801
2004669,2004770
2003145,2004311
2002045,2002821
2000592,2001710
2000451,2000516
1999468,2000205
1998989,1999045
1998168,1998830
1996784,1997539
1996204,1996353
1995520,1996116
1994751,1995434
1993372,1994637
1990954,1991118
1990156,1990206
1987313,1987366
1986230,1986451
1985935,1986042
1982630,1983736
1981299,1981634
1980091,1980309
1978895,1979584
1977928,1978302
1977307,1977780
1976307,1977140
1975446,1976039
1974959,1975036
1972176,1974590
1970343,1971524
1969037,1969249
1968169,1968888
1967989,1968045
1967499,1967921
1967015,1967356
1966434,1966553
1966146,1966208
1964598,1964684
1963762,1963914
1962698,1963243
1962225,1962566
1962063,1962143
1961783,1961881
1960496,1961728
1958968,1959669
1958162,1958740
1957651,1957701
1956848,1957210
1955598,1956656
1954255,1955127
1954028,1954084
1952721,1953149
1951284,1952564
1950883,1951173
1948871,1950670
1948723,1948788
1947914,1948654
1947416,1947565
1946488,1947363
1944908,1946260
1944145,1944768
1943068,1943976
1941331,1941615
1938825,1938950
1935964,1936566
1934765,1935298
1933333,1934238
1933037,1933270
1932122,1932181
1931442,1932032
1931026,1931319
1930510,1930560
1928798,1930003
1927480,1927617
1927312,1927440
1926482,1926898
1925600,1926316
1924754,1925473
1923825,1924598
1922222,1922278
1920982,1922160
1920436,1920900
1917581,1918132
1917449,1917535
1916166,1916519
1915175,1916086
1913907,1914929
1909614,1912826
1908827,1909120
1907218,1907919
1906732,1906785
1903989,1904222
1903120,1903530
1902484,1903080
1900927,1902126
1900588,1900668
1898529,1899905
1898098,1898166
1897117,1897176
1896706,1896759
1895461,1896219
1893497,1895401
1893226,1893282
1891944,1892600
1891236,1891796
1890288,1890653
1890042,1890104
1888615,1889178
1887913,1888182
1886887,1887558
1884846,1886756
1884096,1884665
1883732,1883797
1883062,1883229
1882328,1882405
1881381,1882124
1881150,1881281
1880158,1880847
1879841,1879951
1876575,1878122
1875574,1876335
1875129,1875461
1873764,1874207
1872724,1873620
1869532,1872243
1867802,1869460
1867427,1867699
1866336,1867070
1864657,1865217
1864248,1864340
1861907,1862314
1861377,1861463
1860200,1861090
1859272,1859787
1858651,1859010
1857242,1857772
1855952,1857184
1854077,1854682
1852978,1853088
1852612,1852671
1852452,1852544
1850940,1851029
1849521,1849772
1848166,1848696
1847472,1847960
1846355,1846765
1846168,1846245
1845160,1845219
1844250,1844966
1843306,1843989
1842890,1842985
1841094,1842269
1839682,1840599
1838614,1839258
1836516,1838051
1835229,1836146
1834795,1835091
1832242,1832811
1829982,1832183
1826829,1827944
1826411,1826704
1823494,1824924
1822421,1823353
1821518,1822273
1820133,1821236
1819244,1819798
1818389,1818469
1817112,1817681
1815417,1815572
1814403,1815080
1813457,1814332
1811219,1812958
1810157,1810438
1809118,1809759
1807643,1808458
1806446,1807321
1805925,1806395
1800256,1804848
1798772,1799896
1797929,1798027
1797217,1797318
1796197,1796298
1793082,1794647
1789825,1792569
1787769,1788752
1787280,1787549
1785841,1786614
1784473,1785798
1781661,1784339
1781196,1781504
1779714,1780214
1778415,1779476
1776910,1777518
1776257,1776829
1775826,1775942
1773655,1773798
1771955,1772041
1770648,1771406
1769720,1770526
1768520,1769389
1767359,1767739
1765915,1767036
1765499,1765582
1765194,1765262
1764528,1764785
1764186,1764398
1763209,1763751
1762452,1762526
1758694,1761291
1756864,1757676
1756156,1756617
1754911,1754973
1753845,1754531
1753309,1753470
1751208,1751357
1748263,1748703
1747057,1747167
1746691,1746750
1746531,1746623
1745019,1745108
1743600,1743851
1742761,1742871
1742061,1742117
1741927,1742019
1741622,1741837
1741248,1741448
1739674,1740684
1737087,1739417
1736870,1736932
1736666,1736746
1735941,1736492
1735486,1735731
1734776,1735330
1732926,1734674
1731900,1731956
1730392,1731780
1728653,1730035
1727824,1728417
1727704,1727781
1727009,1727461
1723649,1723741
1723534,1723599
1722431,1723339
1717193,1722328
1716491,1716556
1715236,1716435
1713234,1715099
1708857,1711268
1707168,1707917
1706204,1707088
1705199,1705630
1703330,1703824
1702695,1702811
1702414,1702512
1700523,1702292
1698734,1700467
1698165,1698653
1697476,1697991
1696940,1697302
1695040,1696086
1691972,1694014
1688670,1691888
1688248,1688475
1687420,1688100
1684563,1687265
1684229,1684462
1682664,1683638
1681808,1681864
1680186,1680275
1679739,1679945
1679100,1679279
1677540,1677908
1674961,1676307
1674598,1674684
1673625,1673687
1673529,1673579
1672613,1673371
1672438,1672488
1670803,1672005
1669529,1669966
1667831,1669447
1666107,1667690
1665444,1665905
1664646,1664765
1664057,1664470
1662570,1663985
1661588,1662457
1659457,1660509
1657815,1658459
1656903,1657754
1656521,1656862
1655753,1655827
1654731,1654784
1654268,1654579
1652810,1653427
1650149,1651900
1648511,1649854
1647821,1648366
1645958,1646413
1645810,1645881
1644106,1645191
1642865,1643872
1642619,1642723
1641284,1642573
1640225,1640962
1640008,1640088
1636412,1638127
1635146,1636285
1633933,1634997
1632728,1633759
1631718,1631774
1630751,1631503
1629594,1630145
1628647,1629366
1626620,1627447
1626064,1626357
1625505,1626002
1624316,1625314
1623099,1623629
1622840,1622977
1621230,1622342
1619240,1619722
1617901,1619148
1617063,1617134
1613497,1616823
1612395,1613279
1611688,1611798
1610206,1611165
1608166,1609923
1607671,1608048
1605895,1607016
1605041,1605181
1604613,1604906
1601820,1604447
1601435,1601485
1600975,1601277
1600356,1600484
1599814,1600278
1599601,1599681
1599420,1599554
1598809,1598859
1597322,1597390
1595227,1597149
1593100,1594407
1592167,1592361
1591448,1591693
1590477,1590968
1589175,1590005
1589042,1589098
1586201,1588852
1584850,1586139
1583928,1584635
1583242,1583616
1581777,1582790
1580804,1581691
1580157,1580213
1579428,1579946
1576747,1577055
1576411,1576614
1574922,1575740
1573354,1574847
1571905,1573197
1570990,1571838
1570154,1570879
1569149,1570084
1568967,1569026
1567397,1568404
1566802,1566960
1565139,1566056
1565038,1565088
1564776,1564946
1561978,1564242
1561538,1561882
1559081,1561432
1556148,1558364
1555680,1556075
1554870,1555070
1554760,1554810
1553991,1554083
1552632,1553909
1550854,1552518
1550612,1550692
1546608,1547885
1545074,1546081
1543704,1543784
1542403,1542708
1539979,1541748
1536143,1537648
1535855,1535944
1532493,1535132
1532358,1532417
1531716,1531868
1529454,1529591
1528724,1529377
1527846,1527950
1526748,1527371
1525997,1526698
1523471,1523992
1522374,1522907
1521589,1521648
1521243,1521305
1520659,1521138
1520363,1520464
1519736,1520092
1518950,1519681
1517613,1518173
1516648,1516701
1515964,1516035
1514257,1515288
1511858,1513684
1510234,1511262
1508988,1509773
1507804,1508850
1507187,1507762
1505312,1507078
1504037,1505170
1503020,1503964
1502787,1502837
1502329,1502397
1501881,1502054
1500268,1501086
1498959,1499024
1498096,1498830
1495899,1496804
1494317,1495084
1494096,1494146
1493146,1494036
1491087,1491689
1490229,1490357
1489599,1490039
1484590,1485711
1483509,1483562
1482096,1483403
1481188,1481592
1479330,1480103
1478477,1478581
1477050,1477934
1475478,1475591
1472980,1473588
1470685,1472850
1469444,1470487
1467325,1468206
1465638,1466123
1464209,1465549
1463506,1464156
1461343,1461726
1460534,1461094
1459049,1460242
1457461,1458387
1456775,1457365
1455316,1456074
1453065,1453178
1450701,1451462
1449647,1450510
1448315,1449583
1448196,1448270
1447052,1447156
1446383,1446982
1445236,1445316
1443873,1444691
1442368,1443537
1439900,1440019
1438724,1439254
1434315,1434380
1433083,1433139
1430659,1430907
1429947,1430006
1426654,1426779
1426309,1426410
1426079,1426159
1425399,1425473
1423010,1423084
1421491,1421589
1420280,1420354
1412455,1413294
1411292,1411375
1410738,1410893
1407859,1408854
1406763,1406819
1405945,1406226
1405578,1405859
1404714,1405367
1403618,1403680
1401065,1401127
1399485,1399580
1392984,1393196
1388666,1388728
1382267,1382326
1379891,1379953
1377410,1377682
1376234,1376287
1371578,1371691
1370445,1371428
1370108,1370386
1368982,1369449
1366978,1367109
1364870,1364983
1362765,1363244
1361564,1362604
1360905,1360979
1356305,1356397
1353007,1353105
1338925,1339299
1336448,1337752
1335179,1335910
1331772,1331909
1330247,1330861
1327098,1327172
1326872,1327030
1325952,1326014
1323542,1323631
1320843,1320917
1317596,1319464
1316638,1316736
1312666,1312743
1310532,1310684
1308630,1308698
1307009,1307605
1305178,1305492
1303146,1303262
1299073,1299183
1292299,1292364
1291644,1291739
1291115,1291219
1290401,1290502
1288787,1289038
1288369,1288422
1287963,1288028
1286830,1287225
1285610,1286749
1284644,1285474
1283413,1284369
1281820,1282284
1281294,1281359
1279721,1281205
1278056,1278604
1277024,1277161
1275845,1276693
1275584,1275778
1273483,1273563
1273231,1273398
1272602,1272730
1270465,1270662
1269262,1269669
1268515,1269108
1267494,1267544
1265244,1265402
1263187,1263531
1260942,1261040
1259135,1259461
1258886,1259026
1257073,1257183
1254494,1254574
1254152,1254202
1252483,1252536
1249305,1249427
1245811,1245870
1242363,1242455
1239842,1240201
1234278,1234331
1233366,1233815
1232884,1233090
1232765,1232839
1230696,1230836
1229951,1230067
1229373,1229459
1228696,1228800
1215970,1216080
1215128,1215679
1207731,1207796
1205711,1205803
1204725,1204808
1204250,1204336
1202584,1202739
1200732,1200791
1199825,1199887
1197278,1197370
1196215,1196274
1194749,1194847
1190694,1190771
1189567,1189617
1187753,1187911
1183410,1183511
1181468,1181557
1173144,1173551
1172076,1172648
1171662,1172009
1169255,1169386
1168804,1168932
1167645,1167953
1166631,1166684
1163277,1163996
1161689,1162687
1158125,1158253
1156384,1157241
1154864,1155988
1154413,1154553
1149887,1152241
1149406,1149720
1149130,1149180
1148220,1148291
1146228,1147412
1145723,1145944
1145594,1145650
1142099,1144552
1138930,1139895
1137533,1137868
1136722,1136874
1136397,1136489
1134472,1135926
1134149,1134304
1133466,1133696
1132822,1132878
1131558,1132760
1130408,1130479
1121634,1121741
1117347,1117508
1112677,1112817
1104709,1104903
1101645,1101719
1096874,1097116
1095530,1095646
1095114,1095188
1094770,1094844
1093718,1093894
1092255,1092869
1092072,1092179
1090977,1091138
1089581,1089631
1088156,1088227
1086631,1086708
1085437,1085745
1085098,1085223
1082530,1082595
1082033,1082182
1081694,1081774
1081425,1081475
1077592,1078143
1075860,1076759
1075360,1075617
1072612,1072665
1071166,1071216
1070290,1070496
1069821,1069991
1069602,1069652
1068594,1068896
1067723,1068526
1061430,1061546
1058580,1059608
1057067,1057276
1054319,1055284
1052111,1052251
1051981,1052037
1044445,1044552
1042605,1043486
1040241,1040396
1039979,1040056
1033679,1033870
1032333,1032575
1032154,1032225
1030757,1031548
1029208,1029822
1026871,1029045
1025159,1026190
1024761,1024955
1011860,1013335
1008130,1008879
1006605,1006751
1005036,1005500
1004936,1004992
1003593,1003829
998396,998860
998064,998117
997338,997418
994970,995038
991680,991985
990983,991123
985743,986501
982957,983646
981743,982522
981613,981669
980852,980902
977051,978856
976065,976907
975071,975697
974229,974975
973509,973670
972976,973158
968819,969424
967569,967634
967122,967247
965526,965642
963294,965255
961966,962217
956163,956318
955317,955493
954447,954512
954017,954091
950646,950705
944182,944283
943321,943446
943149,943259
942982,943065
939060,939155
936742,936804
935659,936192
935390,935440
934797,934892
924866,924988
924305,924355
921495,921560
920452,920928
919395,919493
915054,915182
913625,913717
908499,909056
905216,905326
896620,896682
893958,894053
893600,893650
890718,890771
887652,887834
886868,887173
883896,883961
882910,882963
881992,882249
878592,878660
877067,877120
874661,874762
874103,874183
871940,872410
871794,871850
870587,871432
868224,868442
866577,866870
862563,862637
861731,862285
859656,861620
858106,858201
857780,857908
855355,855408
855143,855202
854949,855044
852741,852806
848804,849193
848551,848628
848142,848264
845394,845477
843311,843724
841860,841961
841093,841602
840900,840989
838248,838313
837499,837582
833615,834076
830682,830771
826752,827513
824936,826396
824775,824882
823638,824168
822611,823531
821886,822527
821070,821180
820152,820286
818789,819265
816473,816562
815751,815849
807976,810792
807255,807689
805784,806596
802592,802669
801336,802202
798828,799817
797965,798015
794273,794344
793916,794026
789595,789708
789087,789203
787667,787810
785685,785783
783417,783584
779154,779255
771026,771685
769042,769119
766794,766874
764465,765106
759938,760012
756807,756980
756079,756291
754992,755156
752550,752663
752047,752106
751402,751458
750680,751327
750085,750186
749246,749362
749075,749146
748130,748216
747786,747902
747431,747583
746844,746987
745814,745927
738643,738750
736057,736119
734553,734636
734219,734458
733922,734032
733716,733796
730257,730310
729263,729361
728562,728747
728335,728487
725062,725130
718076,718168
716344,716481
713918,713983
709829,710749
702088,702957
700876,701184
700565,700627
699410,700306
697634,698197
695496,696419
694973,695365
693938,694033
692667,692720
689541,689825
685083,686903
684062,684253
673829,673936
673310,673393
672439,672519
669699,669797
668449,668610
666122,666259
662257,662700
661470,662171
661303,661362
660177,660302
660062,660127
657323,657520
656749,657243
654608,654850
651794,652420
649864,651633
648644,648694
647553,647621
647312,647440
646246,646404
645743,645793
643891,645231
643400,643744
642962,643348
639558,640106
638116,638250
637710,637760
637006,637074
635317,636423
629007,629129
624842,624916
623571,623702
618932,620380
616902,617030
615825,616577
609629,610924
608730,608849
606039,607220
604121,605404
603536,604015
602909,603313
602208,602675
601708,601779
601519,601602
600837,601148
598968,600344
596580,597620
594956,595012
593102,593242
591412,592047
589172,589231
586752,586811
585015,585962
583507,584757
583072,583452
582526,582981
581519,582349
580119,581039
577632,578648
577348,577416
576990,577046
576408,576476
576170,576304
575664,575747
573501,573569
572707,572793
572458,572562
572185,572241
571952,572026
564707,564793
564502,564576
562834,563046
561819,562559
561538,561666
560669,560800
559362,559415
557319,557489
555660,556976
552563,552931
549916,551346
549009,549074
548679,548735
546314,546673
543714,544052
539456,539680
539000,539149
536339,536497
535373,535468
534408,534833
532603,534111
532063,532113
530277,530405
528563,529864
525035,525154
522628,523521
520101,520172
519928,520020
518984,519142
518478,518597
515970,516020
514424,514474
512291,513268
508593,508649
502424,502660
490454,490558
488802,489200
488445,488516
487969,488052
485493,487652
484620,485375
484365,484526
483741,483812
478226,478354
470122,470526
465934,466179
462604,462723
462456,462521
458215,458292
456752,456820
456508,456651
455118,455255
451531,452391
451285,451353
449703,449753
449325,449384
448378,448497
447437,448123
444031,444792
442869,443300
441622,442380
440056,440610
439677,439976
438476,438556
434945,435817
433153,434745
432532,432606
432143,432280
431429,431494
431216,431284
431102,431170
430311,430385
424104,424163
417963,418055
412849,413547
412091,412174
410053,410223
406210,406272
405680,406084
401619,402359
397340,398053
396717,396797
389813,390430
389538,389717
382168,382314
380253,381779
379524,379613
378404,378781
378150,378290
377932,378012
377531,377872
376514,377275
375074,375838
374805,374876
373832,374596
373129,373785
371130,373019
370732,371064
369319,369498
369064,369225
367857,367922
367098,367553
365783,365851
360709,360777
357775,359676
357479,357532
357267,357326
357073,357168
350374,350430
347658,348290
347439,347522
344850,345659
343221,344636
339173,339256
335494,335559
331063,331446
329577,329738
329024,329113
327113,327454
325729,326949
324104,325417
322134,323999
320903,320980
319560,320417
316790,316975
315459,315647
312510,312668
309273,309353
308334,309155
308130,308216
307303,307425
306644,306961
305775,306554
304819,304908
304302,304403
300617,301717
297810,298652
296889,297551
295401,296213
293845,295281
293212,293340
292940,293020
284286,284693
283906,284031
279326,279709
277974,278033
277738,277896
276712,276762
273363,273422
266736,266852
266269,266325
265172,265237
259954,260160
258631,258696
257131,257361
245617,245754
243765,243827
239596,239733
237744,237806
236752,236901
236363,236455
235318,235410
235009,235149
232453,232542
232315,232365
232112,232162
231882,231959
229527,229583
227033,227269
225714,225818
222023,222097
220082,220198
216708,216767
214486,215427
213735,214409
213336,213668
207541,207597
206467,206673
205964,206065
204624,205577
203640,204353
198128,198202
194063,194191
181919,182032
179734,179793
176125,176226
173309,174556
172903,173208
172358,172486
171039,171239
168490,168561
165034,165120
161149,161211
160544,160816
159115,159240
158563,158895
158252,158329
155848,155901
153580,153717
152648,153328
150592,150651
149706,149792
148281,148349
147712,147783
140456,140530
134782,136290
131419,133767
126967,127044
121112,121447
120712,120765
119740,120435
119088,119162
116735,116815
115087,116226
113313,113999
112012,112134
109240,109386
106841,106894
105265,105333
101549,101641
98722,98778
97791,97883
95416,95511
95086,95142
92572,92658
86747,87730
